INSERT INTO `endereco` (`id`, `bairro`, `cidade`, `estado`) VALUES (1, 'Vila mirim', 'Praia Grande', 'São Paulo');
INSERT INTO `endereco` (`id`, `bairro`, `cidade`, `estado`) VALUES (2, 'Copacabana', 'Rio de janeiro', 'Rio de janeiro');
INSERT INTO `endereco` (`id`, `bairro`, `cidade`, `estado`) VALUES (3, 'Forte', 'Praia Grande', 'São Paulo');

INSERT INTO `foco` (`codigo`, `como_limpar`, `nome`) VALUES (1, 'Eliminando a água', 'PNEU');
INSERT INTO `foco` (`codigo`, `como_limpar`, `nome`) VALUES (2, 'Inseticida', 'Ralo');

INSERT INTO `prevencao` (`codigo_celular`, `data_criacao`, `data_efetuada`, `data_prazo`, `foco_codigo`, `endereco_id`) VALUES ('1EQW3', '2016-01-11 00:00:00', NULL, '2016-01-18 17:25:50', 1, 3);
INSERT INTO `prevencao` (`codigo_celular`, `data_criacao`, `data_efetuada`, `data_prazo`, `foco_codigo`, `endereco_id`) VALUES ('112D3', '2016-01-11 00:00:00', '2016-01-12 17:25:50', '2016-01-18 17:25:50', 2, 3);
INSERT INTO `prevencao` (`codigo_celular`, `data_criacao`, `data_efetuada`, `data_prazo`, `foco_codigo`, `endereco_id`) VALUES ('13213', '2016-01-11 00:00:00', '2016-01-13 17:25:50', '2016-01-18 17:25:50', 3, 2);
INSERT INTO `prevencao` (`codigo_celular`, `data_criacao`, `data_efetuada`, `data_prazo`, `foco_codigo`, `endereco_id`) VALUES ('13E3Q', '2016-01-11 00:00:00', '2016-01-14 17:25:50', '2016-01-18 17:25:50', 4, 3);
INSERT INTO `prevencao` (`codigo_celular`, `data_criacao`, `data_efetuada`, `data_prazo`, `foco_codigo`, `endereco_id`) VALUES ('13EWQ', '2016-01-11 00:00:00', '2016-01-15 17:25:50', '2016-01-18 17:25:50', 5, 2);
INSERT INTO `prevencao` (`codigo_celular`, `data_criacao`, `data_efetuada`, `data_prazo`, `foco_codigo`, `endereco_id`) VALUES ('1EQ33', '2016-01-11 00:00:00', '2016-01-16 17:25:50', '2016-01-18 17:25:50', 6, 1);
INSERT INTO `prevencao` (`codigo_celular`, `data_criacao`, `data_efetuada`, `data_prazo`, `foco_codigo`, `endereco_id`) VALUES ('1EQ33', '2016-01-11 00:00:00', '2016-01-16 17:25:50', '2016-01-18 17:25:50', 7, 1);
INSERT INTO `prevencao` (`codigo_celular`, `data_criacao`, `data_efetuada`, `data_prazo`, `foco_codigo`, `endereco_id`) VALUES ('1EQ33', '2016-01-11 00:00:00', '2016-01-16 17:25:50', '2016-01-18 17:25:50', 8, 1);
INSERT INTO `prevencao` (`codigo_celular`, `data_criacao`, `data_efetuada`, `data_prazo`, `foco_codigo`, `endereco_id`) VALUES ('1EQ33', '2016-01-11 00:00:00', '2016-01-16 17:25:50', '2016-01-18 17:25:50', 9, 1);
INSERT INTO `prevencao` (`codigo_celular`, `data_criacao`, `data_efetuada`, `data_prazo`, `foco_codigo`, `endereco_id`) VALUES ('1EQ33', '2016-01-11 00:00:00', '2016-01-16 17:25:50', '2016-01-18 17:25:50', 10, 1);
INSERT INTO `prevencao` (`codigo_celular`, `data_criacao`, `data_efetuada`, `data_prazo`, `foco_codigo`, `endereco_id`) VALUES ('1EQ33', '2016-01-11 00:00:00', '2016-01-16 17:25:50', '2016-01-18 17:25:50', 11, 1);

INSERT INTO `prevencao` (`codigo_celular`, `data_criacao`, `data_efetuada`, `data_prazo`, `foco_codigo`, `endereco_id`) VALUES ('1EQW3', '2016-02-11 00:00:00', NULL, '2016-02-18 17:25:50', 1, 3);
INSERT INTO `prevencao` (`codigo_celular`, `data_criacao`, `data_efetuada`, `data_prazo`, `foco_codigo`, `endereco_id`) VALUES ('112D3', '2016-02-11 00:00:00', '2016-02-12 17:25:50', '2016-02-18 17:25:50', 2, 3);
INSERT INTO `prevencao` (`codigo_celular`, `data_criacao`, `data_efetuada`, `data_prazo`, `foco_codigo`, `endereco_id`) VALUES ('13213', '2016-02-11 00:00:00', '2016-02-13 17:25:50', '2016-02-18 17:25:50', 3, 2);
INSERT INTO `prevencao` (`codigo_celular`, `data_criacao`, `data_efetuada`, `data_prazo`, `foco_codigo`, `endereco_id`) VALUES ('13E3Q', '2016-02-11 00:00:00', '2016-02-14 17:25:50', '2016-02-18 17:25:50', 4, 3);
INSERT INTO `prevencao` (`codigo_celular`, `data_criacao`, `data_efetuada`, `data_prazo`, `foco_codigo`, `endereco_id`) VALUES ('13EWQ', '2016-02-11 00:00:00', '2016-02-15 17:25:50', '2016-02-18 17:25:50', 5, 2);
INSERT INTO `prevencao` (`codigo_celular`, `data_criacao`, `data_efetuada`, `data_prazo`, `foco_codigo`, `endereco_id`) VALUES ('1EQ33', '2016-02-11 00:00:00', '2016-02-16 17:25:50', '2016-02-18 17:25:50', 6, 1);
INSERT INTO `prevencao` (`codigo_celular`, `data_criacao`, `data_efetuada`, `data_prazo`, `foco_codigo`, `endereco_id`) VALUES ('1EQ33', '2016-02-11 00:00:00', '2016-02-16 17:25:50', '2016-02-18 17:25:50', 7, 1);
INSERT INTO `prevencao` (`codigo_celular`, `data_criacao`, `data_efetuada`, `data_prazo`, `foco_codigo`, `endereco_id`) VALUES ('1EQ33', '2016-02-11 00:00:00', '2016-02-16 17:25:50', '2016-02-18 17:25:50', 8, 1);
INSERT INTO `prevencao` (`codigo_celular`, `data_criacao`, `data_efetuada`, `data_prazo`, `foco_codigo`, `endereco_id`) VALUES ('1EQ33', '2016-02-11 00:00:00', '2016-02-16 17:25:50', '2016-02-18 17:25:50', 9, 1);
INSERT INTO `prevencao` (`codigo_celular`, `data_criacao`, `data_efetuada`, `data_prazo`, `foco_codigo`, `endereco_id`) VALUES ('1EQ33', '2016-02-11 00:00:00', '2016-02-16 17:25:50', '2016-02-18 17:25:50', 10, 1);
INSERT INTO `prevencao` (`codigo_celular`, `data_criacao`, `data_efetuada`, `data_prazo`, `foco_codigo`, `endereco_id`) VALUES ('1EQ33', '2016-02-11 00:00:00', '2016-02-16 17:25:50', '2016-02-18 17:25:50', 11, 1);

INSERT INTO `prevencao` (`codigo_celular`, `data_criacao`, `data_efetuada`, `data_prazo`, `foco_codigo`, `endereco_id`) VALUES ('1EQW3', '2016-03-11 00:00:00', NULL, '2016-03-18 17:25:50', 1, 3);
INSERT INTO `prevencao` (`codigo_celular`, `data_criacao`, `data_efetuada`, `data_prazo`, `foco_codigo`, `endereco_id`) VALUES ('112D3', '2016-03-11 00:00:00', '2016-03-12 17:25:50', '2016-03-18 17:25:50', 2, 3);
INSERT INTO `prevencao` (`codigo_celular`, `data_criacao`, `data_efetuada`, `data_prazo`, `foco_codigo`, `endereco_id`) VALUES ('13213', '2016-03-11 00:00:00', '2016-03-13 17:25:50', '2016-03-18 17:25:50', 3, 2);
INSERT INTO `prevencao` (`codigo_celular`, `data_criacao`, `data_efetuada`, `data_prazo`, `foco_codigo`, `endereco_id`) VALUES ('13E3Q', '2016-03-11 00:00:00', '2016-03-14 17:25:50', '2016-03-18 17:25:50', 4, 3);
INSERT INTO `prevencao` (`codigo_celular`, `data_criacao`, `data_efetuada`, `data_prazo`, `foco_codigo`, `endereco_id`) VALUES ('13EWQ', '2016-03-11 00:00:00', '2016-03-15 17:25:50', '2016-03-18 17:25:50', 5, 2);
INSERT INTO `prevencao` (`codigo_celular`, `data_criacao`, `data_efetuada`, `data_prazo`, `foco_codigo`, `endereco_id`) VALUES ('1EQ33', '2016-03-11 00:00:00', '2016-03-16 17:25:50', '2016-03-18 17:25:50', 6, 1);
INSERT INTO `prevencao` (`codigo_celular`, `data_criacao`, `data_efetuada`, `data_prazo`, `foco_codigo`, `endereco_id`) VALUES ('1EQ33', '2016-03-11 00:00:00', '2016-03-16 17:25:50', '2016-03-18 17:25:50', 7, 1);
INSERT INTO `prevencao` (`codigo_celular`, `data_criacao`, `data_efetuada`, `data_prazo`, `foco_codigo`, `endereco_id`) VALUES ('1EQ33', '2016-03-11 00:00:00', '2016-03-16 17:25:50', '2016-03-18 17:25:50', 8, 1);
INSERT INTO `prevencao` (`codigo_celular`, `data_criacao`, `data_efetuada`, `data_prazo`, `foco_codigo`, `endereco_id`) VALUES ('1EQ33', '2016-03-11 00:00:00', '2016-03-16 17:25:50', '2016-03-18 17:25:50', 9, 1);
INSERT INTO `prevencao` (`codigo_celular`, `data_criacao`, `data_efetuada`, `data_prazo`, `foco_codigo`, `endereco_id`) VALUES ('1EQ33', '2016-03-11 00:00:00', '2016-03-16 17:25:50', '2016-03-18 17:25:50', 10, 1);
INSERT INTO `prevencao` (`codigo_celular`, `data_criacao`, `data_efetuada`, `data_prazo`, `foco_codigo`, `endereco_id`) VALUES ('1EQ33', '2016-03-11 00:00:00', '2016-03-16 17:25:50', '2016-03-18 17:25:50', 11, 1);

INSERT INTO `prevencao` (`codigo_celular`, `data_criacao`, `data_efetuada`, `data_prazo`, `foco_codigo`, `endereco_id`) VALUES ('1EQW3', '2016-04-11 00:00:00', NULL, '2016-04-18 17:25:50', 1, 3);
INSERT INTO `prevencao` (`codigo_celular`, `data_criacao`, `data_efetuada`, `data_prazo`, `foco_codigo`, `endereco_id`) VALUES ('112D3', '2016-04-11 00:00:00', '2016-04-12 17:25:50', '2016-04-18 17:25:50', 2, 3);
INSERT INTO `prevencao` (`codigo_celular`, `data_criacao`, `data_efetuada`, `data_prazo`, `foco_codigo`, `endereco_id`) VALUES ('13213', '2016-04-11 00:00:00', '2016-04-13 17:25:50', '2016-04-18 17:25:50', 3, 2);
INSERT INTO `prevencao` (`codigo_celular`, `data_criacao`, `data_efetuada`, `data_prazo`, `foco_codigo`, `endereco_id`) VALUES ('13E3Q', '2016-04-11 00:00:00', '2016-04-14 17:25:50', '2016-04-18 17:25:50', 4, 3);
INSERT INTO `prevencao` (`codigo_celular`, `data_criacao`, `data_efetuada`, `data_prazo`, `foco_codigo`, `endereco_id`) VALUES ('13EWQ', '2016-04-11 00:00:00', '2016-04-15 17:25:50', '2016-04-18 17:25:50', 5, 2);
INSERT INTO `prevencao` (`codigo_celular`, `data_criacao`, `data_efetuada`, `data_prazo`, `foco_codigo`, `endereco_id`) VALUES ('1EQ33', '2016-04-11 00:00:00', '2016-04-16 17:25:50', '2016-04-18 17:25:50', 6, 1);
INSERT INTO `prevencao` (`codigo_celular`, `data_criacao`, `data_efetuada`, `data_prazo`, `foco_codigo`, `endereco_id`) VALUES ('1EQ33', '2016-04-11 00:00:00', '2016-04-16 17:25:50', '2016-04-18 17:25:50', 7, 1);
INSERT INTO `prevencao` (`codigo_celular`, `data_criacao`, `data_efetuada`, `data_prazo`, `foco_codigo`, `endereco_id`) VALUES ('1EQ33', '2016-04-11 00:00:00', '2016-04-16 17:25:50', '2016-04-18 17:25:50', 8, 1);
INSERT INTO `prevencao` (`codigo_celular`, `data_criacao`, `data_efetuada`, `data_prazo`, `foco_codigo`, `endereco_id`) VALUES ('1EQ33', '2016-04-11 00:00:00', '2016-04-16 17:25:50', '2016-04-18 17:25:50', 9, 1);
INSERT INTO `prevencao` (`codigo_celular`, `data_criacao`, `data_efetuada`, `data_prazo`, `foco_codigo`, `endereco_id`) VALUES ('1EQ33', '2016-04-11 00:00:00', '2016-04-16 17:25:50', '2016-04-18 17:25:50', 10, 1);
INSERT INTO `prevencao` (`codigo_celular`, `data_criacao`, `data_efetuada`, `data_prazo`, `foco_codigo`, `endereco_id`) VALUES ('1EQ33', '2016-04-11 00:00:00', '2016-04-16 17:25:50', '2016-04-18 17:25:50', 11, 1);

INSERT INTO `prevencao` (`codigo_celular`, `data_criacao`, `data_efetuada`, `data_prazo`, `foco_codigo`, `endereco_id`) VALUES ('1EQW3', '2016-05-11 00:00:00', NULL, '2016-05-18 17:25:50', 1, 3);
INSERT INTO `prevencao` (`codigo_celular`, `data_criacao`, `data_efetuada`, `data_prazo`, `foco_codigo`, `endereco_id`) VALUES ('112D3', '2016-05-11 00:00:00', '2016-05-12 17:25:50', '2016-05-18 17:25:50', 2, 3);
INSERT INTO `prevencao` (`codigo_celular`, `data_criacao`, `data_efetuada`, `data_prazo`, `foco_codigo`, `endereco_id`) VALUES ('13213', '2016-05-11 00:00:00', '2016-05-13 17:25:50', '2016-05-18 17:25:50', 3, 2);
INSERT INTO `prevencao` (`codigo_celular`, `data_criacao`, `data_efetuada`, `data_prazo`, `foco_codigo`, `endereco_id`) VALUES ('13E3Q', '2016-05-11 00:00:00', '2016-05-14 17:25:50', '2016-05-18 17:25:50', 4, 3);
INSERT INTO `prevencao` (`codigo_celular`, `data_criacao`, `data_efetuada`, `data_prazo`, `foco_codigo`, `endereco_id`) VALUES ('13EWQ', '2016-05-11 00:00:00', '2016-05-15 17:25:50', '2016-05-18 17:25:50', 5, 2);
INSERT INTO `prevencao` (`codigo_celular`, `data_criacao`, `data_efetuada`, `data_prazo`, `foco_codigo`, `endereco_id`) VALUES ('1EQ33', '2016-05-11 00:00:00', '2016-05-16 17:25:50', '2016-05-18 17:25:50', 6, 1);
INSERT INTO `prevencao` (`codigo_celular`, `data_criacao`, `data_efetuada`, `data_prazo`, `foco_codigo`, `endereco_id`) VALUES ('1EQ33', '2016-05-11 00:00:00', '2016-05-16 17:25:50', '2016-05-18 17:25:50', 7, 1);
INSERT INTO `prevencao` (`codigo_celular`, `data_criacao`, `data_efetuada`, `data_prazo`, `foco_codigo`, `endereco_id`) VALUES ('1EQ33', '2016-05-11 00:00:00', '2016-05-16 17:25:50', '2016-05-18 17:25:50', 8, 1);
INSERT INTO `prevencao` (`codigo_celular`, `data_criacao`, `data_efetuada`, `data_prazo`, `foco_codigo`, `endereco_id`) VALUES ('1EQ33', '2016-05-11 00:00:00', '2016-05-16 17:25:50', '2016-05-18 17:25:50', 9, 1);
INSERT INTO `prevencao` (`codigo_celular`, `data_criacao`, `data_efetuada`, `data_prazo`, `foco_codigo`, `endereco_id`) VALUES ('1EQ33', '2016-05-11 00:00:00', '2016-05-16 17:25:50', '2016-05-18 17:25:50', 10, 1);
INSERT INTO `prevencao` (`codigo_celular`, `data_criacao`, `data_efetuada`, `data_prazo`, `foco_codigo`, `endereco_id`) VALUES ('1EQ33', '2016-05-11 00:00:00', '2016-05-16 17:25:50', '2016-05-18 17:25:50', 11, 1);

INSERT INTO `prevencao` (`codigo_celular`, `data_criacao`, `data_efetuada`, `data_prazo`, `foco_codigo`, `endereco_id`) VALUES ('1EQW3', '2016-01-12 00:00:00', NULL, '2016-01-18 17:25:50', 1, 3);
INSERT INTO `prevencao` (`codigo_celular`, `data_criacao`, `data_efetuada`, `data_prazo`, `foco_codigo`, `endereco_id`) VALUES ('112D3', '2016-01-12 00:00:00', '2016-01-12 17:25:50', '2016-01-18 17:25:50', 2, 3);
INSERT INTO `prevencao` (`codigo_celular`, `data_criacao`, `data_efetuada`, `data_prazo`, `foco_codigo`, `endereco_id`) VALUES ('13213', '2016-01-12 00:00:00', '2016-01-13 17:25:50', '2016-01-18 17:25:50', 3, 2);
INSERT INTO `prevencao` (`codigo_celular`, `data_criacao`, `data_efetuada`, `data_prazo`, `foco_codigo`, `endereco_id`) VALUES ('13E3Q', '2016-01-12 00:00:00', '2016-01-14 17:25:50', '2016-01-18 17:25:50', 4, 3);
INSERT INTO `prevencao` (`codigo_celular`, `data_criacao`, `data_efetuada`, `data_prazo`, `foco_codigo`, `endereco_id`) VALUES ('13EWQ', '2016-01-12 00:00:00', '2016-01-15 17:25:50', '2016-01-18 17:25:50', 5, 2);
INSERT INTO `prevencao` (`codigo_celular`, `data_criacao`, `data_efetuada`, `data_prazo`, `foco_codigo`, `endereco_id`) VALUES ('1EQ33', '2016-01-12 00:00:00', '2016-01-16 17:25:50', '2016-01-18 17:25:50', 6, 1);
INSERT INTO `prevencao` (`codigo_celular`, `data_criacao`, `data_efetuada`, `data_prazo`, `foco_codigo`, `endereco_id`) VALUES ('1EQ33', '2016-01-12 00:00:00', '2016-01-16 17:25:50', '2016-01-18 17:25:50', 7, 1);
INSERT INTO `prevencao` (`codigo_celular`, `data_criacao`, `data_efetuada`, `data_prazo`, `foco_codigo`, `endereco_id`) VALUES ('1EQ33', '2016-01-12 00:00:00', '2016-01-16 17:25:50', '2016-01-18 17:25:50', 8, 1);
INSERT INTO `prevencao` (`codigo_celular`, `data_criacao`, `data_efetuada`, `data_prazo`, `foco_codigo`, `endereco_id`) VALUES ('1EQ33', '2016-01-12 00:00:00', '2016-01-16 17:25:50', '2016-01-18 17:25:50', 9, 1);
INSERT INTO `prevencao` (`codigo_celular`, `data_criacao`, `data_efetuada`, `data_prazo`, `foco_codigo`, `endereco_id`) VALUES ('1EQ33', '2016-01-12 00:00:00', '2016-01-16 17:25:50', '2016-01-18 17:25:50', 10, 1);
INSERT INTO `prevencao` (`codigo_celular`, `data_criacao`, `data_efetuada`, `data_prazo`, `foco_codigo`, `endereco_id`) VALUES ('1EQ33', '2016-01-12 00:00:00', '2016-01-16 17:25:50', '2016-01-18 17:25:50', 11, 1);

INSERT INTO `prevencao` (`codigo_celular`, `data_criacao`, `data_efetuada`, `data_prazo`, `foco_codigo`, `endereco_id`) VALUES ('1EQW3', '2016-02-12 00:00:00', NULL, '2016-02-18 17:25:50', 1, 3);
INSERT INTO `prevencao` (`codigo_celular`, `data_criacao`, `data_efetuada`, `data_prazo`, `foco_codigo`, `endereco_id`) VALUES ('112D3', '2016-02-12 00:00:00', '2016-02-12 17:25:50', '2016-02-18 17:25:50', 2, 3);
INSERT INTO `prevencao` (`codigo_celular`, `data_criacao`, `data_efetuada`, `data_prazo`, `foco_codigo`, `endereco_id`) VALUES ('13213', '2016-02-12 00:00:00', '2016-02-13 17:25:50', '2016-02-18 17:25:50', 3, 2);
INSERT INTO `prevencao` (`codigo_celular`, `data_criacao`, `data_efetuada`, `data_prazo`, `foco_codigo`, `endereco_id`) VALUES ('13E3Q', '2016-02-12 00:00:00', '2016-02-14 17:25:50', '2016-02-18 17:25:50', 4, 3);
INSERT INTO `prevencao` (`codigo_celular`, `data_criacao`, `data_efetuada`, `data_prazo`, `foco_codigo`, `endereco_id`) VALUES ('13EWQ', '2016-02-12 00:00:00', '2016-02-15 17:25:50', '2016-02-18 17:25:50', 5, 2);
INSERT INTO `prevencao` (`codigo_celular`, `data_criacao`, `data_efetuada`, `data_prazo`, `foco_codigo`, `endereco_id`) VALUES ('1EQ33', '2016-02-12 00:00:00', '2016-02-16 17:25:50', '2016-02-18 17:25:50', 6, 1);
INSERT INTO `prevencao` (`codigo_celular`, `data_criacao`, `data_efetuada`, `data_prazo`, `foco_codigo`, `endereco_id`) VALUES ('1EQ33', '2016-02-12 00:00:00', '2016-02-16 17:25:50', '2016-02-18 17:25:50', 7, 1);
INSERT INTO `prevencao` (`codigo_celular`, `data_criacao`, `data_efetuada`, `data_prazo`, `foco_codigo`, `endereco_id`) VALUES ('1EQ33', '2016-02-12 00:00:00', '2016-02-16 17:25:50', '2016-02-18 17:25:50', 8, 1);
INSERT INTO `prevencao` (`codigo_celular`, `data_criacao`, `data_efetuada`, `data_prazo`, `foco_codigo`, `endereco_id`) VALUES ('1EQ33', '2016-02-12 00:00:00', '2016-02-16 17:25:50', '2016-02-18 17:25:50', 9, 1);
INSERT INTO `prevencao` (`codigo_celular`, `data_criacao`, `data_efetuada`, `data_prazo`, `foco_codigo`, `endereco_id`) VALUES ('1EQ33', '2016-02-12 00:00:00', '2016-02-16 17:25:50', '2016-02-18 17:25:50', 10, 1);
INSERT INTO `prevencao` (`codigo_celular`, `data_criacao`, `data_efetuada`, `data_prazo`, `foco_codigo`, `endereco_id`) VALUES ('1EQ33', '2016-02-12 00:00:00', '2016-02-16 17:25:50', '2016-02-18 17:25:50', 11, 1);

INSERT INTO `prevencao` (`codigo_celular`, `data_criacao`, `data_efetuada`, `data_prazo`, `foco_codigo`, `endereco_id`) VALUES ('1EQW3', '2016-03-12 00:00:00', NULL, '2016-03-18 17:25:50', 1, 3);
INSERT INTO `prevencao` (`codigo_celular`, `data_criacao`, `data_efetuada`, `data_prazo`, `foco_codigo`, `endereco_id`) VALUES ('112D3', '2016-03-12 00:00:00', '2016-03-12 17:25:50', '2016-03-18 17:25:50', 2, 3);
INSERT INTO `prevencao` (`codigo_celular`, `data_criacao`, `data_efetuada`, `data_prazo`, `foco_codigo`, `endereco_id`) VALUES ('13213', '2016-03-12 00:00:00', '2016-03-13 17:25:50', '2016-03-18 17:25:50', 3, 2);
INSERT INTO `prevencao` (`codigo_celular`, `data_criacao`, `data_efetuada`, `data_prazo`, `foco_codigo`, `endereco_id`) VALUES ('13E3Q', '2016-03-12 00:00:00', '2016-03-14 17:25:50', '2016-03-18 17:25:50', 4, 3);
INSERT INTO `prevencao` (`codigo_celular`, `data_criacao`, `data_efetuada`, `data_prazo`, `foco_codigo`, `endereco_id`) VALUES ('13EWQ', '2016-03-12 00:00:00', '2016-03-15 17:25:50', '2016-03-18 17:25:50', 5, 2);
INSERT INTO `prevencao` (`codigo_celular`, `data_criacao`, `data_efetuada`, `data_prazo`, `foco_codigo`, `endereco_id`) VALUES ('1EQ33', '2016-03-12 00:00:00', '2016-03-16 17:25:50', '2016-03-18 17:25:50', 6, 1);
INSERT INTO `prevencao` (`codigo_celular`, `data_criacao`, `data_efetuada`, `data_prazo`, `foco_codigo`, `endereco_id`) VALUES ('1EQ33', '2016-03-12 00:00:00', '2016-03-16 17:25:50', '2016-03-18 17:25:50', 7, 1);
INSERT INTO `prevencao` (`codigo_celular`, `data_criacao`, `data_efetuada`, `data_prazo`, `foco_codigo`, `endereco_id`) VALUES ('1EQ33', '2016-03-12 00:00:00', '2016-03-16 17:25:50', '2016-03-18 17:25:50', 8, 1);
INSERT INTO `prevencao` (`codigo_celular`, `data_criacao`, `data_efetuada`, `data_prazo`, `foco_codigo`, `endereco_id`) VALUES ('1EQ33', '2016-03-12 00:00:00', '2016-03-16 17:25:50', '2016-03-18 17:25:50', 9, 1);
INSERT INTO `prevencao` (`codigo_celular`, `data_criacao`, `data_efetuada`, `data_prazo`, `foco_codigo`, `endereco_id`) VALUES ('1EQ33', '2016-03-12 00:00:00', '2016-03-16 17:25:50', '2016-03-18 17:25:50', 10, 1);
INSERT INTO `prevencao` (`codigo_celular`, `data_criacao`, `data_efetuada`, `data_prazo`, `foco_codigo`, `endereco_id`) VALUES ('1EQ33', '2016-03-12 00:00:00', '2016-03-16 17:25:50', '2016-03-18 17:25:50', 11, 1);

INSERT INTO `prevencao` (`codigo_celular`, `data_criacao`, `data_efetuada`, `data_prazo`, `foco_codigo`, `endereco_id`) VALUES ('1EQW3', '2016-04-12 00:00:00', NULL, '2016-04-18 17:25:50', 1, 3);
INSERT INTO `prevencao` (`codigo_celular`, `data_criacao`, `data_efetuada`, `data_prazo`, `foco_codigo`, `endereco_id`) VALUES ('112D3', '2016-04-12 00:00:00', '2016-04-12 17:25:50', '2016-04-18 17:25:50', 2, 3);
INSERT INTO `prevencao` (`codigo_celular`, `data_criacao`, `data_efetuada`, `data_prazo`, `foco_codigo`, `endereco_id`) VALUES ('13213', '2016-04-12 00:00:00', '2016-04-13 17:25:50', '2016-04-18 17:25:50', 3, 2);
INSERT INTO `prevencao` (`codigo_celular`, `data_criacao`, `data_efetuada`, `data_prazo`, `foco_codigo`, `endereco_id`) VALUES ('13E3Q', '2016-04-12 00:00:00', '2016-04-14 17:25:50', '2016-04-18 17:25:50', 4, 3);
INSERT INTO `prevencao` (`codigo_celular`, `data_criacao`, `data_efetuada`, `data_prazo`, `foco_codigo`, `endereco_id`) VALUES ('13EWQ', '2016-04-12 00:00:00', '2016-04-15 17:25:50', '2016-04-18 17:25:50', 5, 2);
INSERT INTO `prevencao` (`codigo_celular`, `data_criacao`, `data_efetuada`, `data_prazo`, `foco_codigo`, `endereco_id`) VALUES ('1EQ33', '2016-04-12 00:00:00', '2016-04-16 17:25:50', '2016-04-18 17:25:50', 6, 1);
INSERT INTO `prevencao` (`codigo_celular`, `data_criacao`, `data_efetuada`, `data_prazo`, `foco_codigo`, `endereco_id`) VALUES ('1EQ33', '2016-04-12 00:00:00', '2016-04-16 17:25:50', '2016-04-18 17:25:50', 7, 1);
INSERT INTO `prevencao` (`codigo_celular`, `data_criacao`, `data_efetuada`, `data_prazo`, `foco_codigo`, `endereco_id`) VALUES ('1EQ33', '2016-04-12 00:00:00', '2016-04-16 17:25:50', '2016-04-18 17:25:50', 8, 1);
INSERT INTO `prevencao` (`codigo_celular`, `data_criacao`, `data_efetuada`, `data_prazo`, `foco_codigo`, `endereco_id`) VALUES ('1EQ33', '2016-04-12 00:00:00', '2016-04-16 17:25:50', '2016-04-18 17:25:50', 9, 1);
INSERT INTO `prevencao` (`codigo_celular`, `data_criacao`, `data_efetuada`, `data_prazo`, `foco_codigo`, `endereco_id`) VALUES ('1EQ33', '2016-04-12 00:00:00', '2016-04-16 17:25:50', '2016-04-18 17:25:50', 10, 1);
INSERT INTO `prevencao` (`codigo_celular`, `data_criacao`, `data_efetuada`, `data_prazo`, `foco_codigo`, `endereco_id`) VALUES ('1EQ33', '2016-04-12 00:00:00', '2016-04-16 17:25:50', '2016-04-18 17:25:50', 11, 1);

INSERT INTO `prevencao` (`codigo_celular`, `data_criacao`, `data_efetuada`, `data_prazo`, `foco_codigo`, `endereco_id`) VALUES ('1EQW3', '2016-05-12 00:00:00', NULL, '2016-05-18 17:25:50', 1, 3);
INSERT INTO `prevencao` (`codigo_celular`, `data_criacao`, `data_efetuada`, `data_prazo`, `foco_codigo`, `endereco_id`) VALUES ('112D3', '2016-05-12 00:00:00', '2016-05-12 17:25:50', '2016-05-18 17:25:50', 2, 3);
INSERT INTO `prevencao` (`codigo_celular`, `data_criacao`, `data_efetuada`, `data_prazo`, `foco_codigo`, `endereco_id`) VALUES ('13213', '2016-05-12 00:00:00', '2016-05-13 17:25:50', '2016-05-18 17:25:50', 3, 2);
INSERT INTO `prevencao` (`codigo_celular`, `data_criacao`, `data_efetuada`, `data_prazo`, `foco_codigo`, `endereco_id`) VALUES ('13E3Q', '2016-05-12 00:00:00', '2016-05-14 17:25:50', '2016-05-18 17:25:50', 4, 3);
INSERT INTO `prevencao` (`codigo_celular`, `data_criacao`, `data_efetuada`, `data_prazo`, `foco_codigo`, `endereco_id`) VALUES ('13EWQ', '2016-05-12 00:00:00', '2016-05-15 17:25:50', '2016-05-18 17:25:50', 5, 2);
INSERT INTO `prevencao` (`codigo_celular`, `data_criacao`, `data_efetuada`, `data_prazo`, `foco_codigo`, `endereco_id`) VALUES ('1EQ33', '2016-05-12 00:00:00', '2016-05-16 17:25:50', '2016-05-18 17:25:50', 6, 1);
INSERT INTO `prevencao` (`codigo_celular`, `data_criacao`, `data_efetuada`, `data_prazo`, `foco_codigo`, `endereco_id`) VALUES ('1EQ33', '2016-05-12 00:00:00', '2016-05-16 17:25:50', '2016-05-18 17:25:50', 7, 1);
INSERT INTO `prevencao` (`codigo_celular`, `data_criacao`, `data_efetuada`, `data_prazo`, `foco_codigo`, `endereco_id`) VALUES ('1EQ33', '2016-05-12 00:00:00', '2016-05-16 17:25:50', '2016-05-18 17:25:50', 8, 1);
INSERT INTO `prevencao` (`codigo_celular`, `data_criacao`, `data_efetuada`, `data_prazo`, `foco_codigo`, `endereco_id`) VALUES ('1EQ33', '2016-05-12 00:00:00', '2016-05-16 17:25:50', '2016-05-18 17:25:50', 9, 1);
INSERT INTO `prevencao` (`codigo_celular`, `data_criacao`, `data_efetuada`, `data_prazo`, `foco_codigo`, `endereco_id`) VALUES ('1EQ33', '2016-05-12 00:00:00', '2016-05-16 17:25:50', '2016-05-18 17:25:50', 10, 1);
INSERT INTO `prevencao` (`codigo_celular`, `data_criacao`, `data_efetuada`, `data_prazo`, `foco_codigo`, `endereco_id`) VALUES ('1EQ33', '2016-05-12 00:00:00', '2016-05-16 17:25:50', '2016-05-18 17:25:50', 11, 1);

INSERT INTO `prevencao` (`codigo_celular`, `data_criacao`, `data_efetuada`, `data_prazo`, `foco_codigo`, `endereco_id`) VALUES ('1EQW3', '2016-01-12 10:10:20', NULL, '2016-01-18 17:25:50', 1, 3);
INSERT INTO `prevencao` (`codigo_celular`, `data_criacao`, `data_efetuada`, `data_prazo`, `foco_codigo`, `endereco_id`) VALUES ('112D3', '2016-01-12 10:10:20', NULL, '2016-01-18 17:25:50', 2, 3);
INSERT INTO `prevencao` (`codigo_celular`, `data_criacao`, `data_efetuada`, `data_prazo`, `foco_codigo`, `endereco_id`) VALUES ('13213', '2016-01-12 10:10:20', NULL, '2016-01-18 17:25:50', 3, 2);
INSERT INTO `prevencao` (`codigo_celular`, `data_criacao`, `data_efetuada`, `data_prazo`, `foco_codigo`, `endereco_id`) VALUES ('13E3Q', '2016-01-12 10:10:20', NULL, '2016-01-18 17:25:50', 4, 3);
INSERT INTO `prevencao` (`codigo_celular`, `data_criacao`, `data_efetuada`, `data_prazo`, `foco_codigo`, `endereco_id`) VALUES ('13EWQ', '2016-01-12 10:10:20', NULL, '2016-01-18 17:25:50', 5, 2);
INSERT INTO `prevencao` (`codigo_celular`, `data_criacao`, `data_efetuada`, `data_prazo`, `foco_codigo`, `endereco_id`) VALUES ('1EQ33', '2016-01-12 10:10:20', NULL, '2016-01-18 17:25:50', 6, 1);
INSERT INTO `prevencao` (`codigo_celular`, `data_criacao`, `data_efetuada`, `data_prazo`, `foco_codigo`, `endereco_id`) VALUES ('1EQ33', '2016-01-12 10:10:20', NULL, '2016-01-18 17:25:50', 7, 1);
INSERT INTO `prevencao` (`codigo_celular`, `data_criacao`, `data_efetuada`, `data_prazo`, `foco_codigo`, `endereco_id`) VALUES ('1EQ33', '2016-01-12 10:10:20', NULL, '2016-01-18 17:25:50', 8, 1);
INSERT INTO `prevencao` (`codigo_celular`, `data_criacao`, `data_efetuada`, `data_prazo`, `foco_codigo`, `endereco_id`) VALUES ('1EQ33', '2016-01-12 10:10:20', NULL, '2016-01-18 17:25:50', 9, 1);
INSERT INTO `prevencao` (`codigo_celular`, `data_criacao`, `data_efetuada`, `data_prazo`, `foco_codigo`, `endereco_id`) VALUES ('1EQ33', '2016-01-12 10:10:20', NULL, '2016-01-18 17:25:50', 10, 1);
INSERT INTO `prevencao` (`codigo_celular`, `data_criacao`, `data_efetuada`, `data_prazo`, `foco_codigo`, `endereco_id`) VALUES ('1EQ33', '2016-01-12 10:10:20', NULL, '2016-01-18 17:25:50', 11, 1);

INSERT INTO `prevencao` (`codigo_celular`, `data_criacao`, `data_efetuada`, `data_prazo`, `foco_codigo`, `endereco_id`) VALUES ('1EQW3', '2016-02-12 10:10:20', NULL, '2016-02-18 17:25:50', 1, 3);
INSERT INTO `prevencao` (`codigo_celular`, `data_criacao`, `data_efetuada`, `data_prazo`, `foco_codigo`, `endereco_id`) VALUES ('112D3', '2016-02-12 10:10:20', NULL, '2016-02-18 17:25:50', 2, 3);
INSERT INTO `prevencao` (`codigo_celular`, `data_criacao`, `data_efetuada`, `data_prazo`, `foco_codigo`, `endereco_id`) VALUES ('13213', '2016-02-12 10:10:20', NULL, '2016-02-18 17:25:50', 3, 2);
INSERT INTO `prevencao` (`codigo_celular`, `data_criacao`, `data_efetuada`, `data_prazo`, `foco_codigo`, `endereco_id`) VALUES ('13E3Q', '2016-02-12 10:10:20', NULL, '2016-02-18 17:25:50', 4, 3);
INSERT INTO `prevencao` (`codigo_celular`, `data_criacao`, `data_efetuada`, `data_prazo`, `foco_codigo`, `endereco_id`) VALUES ('13EWQ', '2016-02-12 10:10:20', NULL, '2016-02-18 17:25:50', 5, 2);
INSERT INTO `prevencao` (`codigo_celular`, `data_criacao`, `data_efetuada`, `data_prazo`, `foco_codigo`, `endereco_id`) VALUES ('1EQ33', '2016-02-12 10:10:20', NULL, '2016-02-18 17:25:50', 6, 1);
INSERT INTO `prevencao` (`codigo_celular`, `data_criacao`, `data_efetuada`, `data_prazo`, `foco_codigo`, `endereco_id`) VALUES ('1EQ33', '2016-02-12 10:10:20', NULL, '2016-02-18 17:25:50', 7, 1);
INSERT INTO `prevencao` (`codigo_celular`, `data_criacao`, `data_efetuada`, `data_prazo`, `foco_codigo`, `endereco_id`) VALUES ('1EQ33', '2016-02-12 10:10:20', NULL, '2016-02-18 17:25:50', 8, 1);
INSERT INTO `prevencao` (`codigo_celular`, `data_criacao`, `data_efetuada`, `data_prazo`, `foco_codigo`, `endereco_id`) VALUES ('1EQ33', '2016-02-12 10:10:20', NULL, '2016-02-18 17:25:50', 9, 1);
INSERT INTO `prevencao` (`codigo_celular`, `data_criacao`, `data_efetuada`, `data_prazo`, `foco_codigo`, `endereco_id`) VALUES ('1EQ33', '2016-02-12 10:10:20', NULL, '2016-02-18 17:25:50', 10, 1);
INSERT INTO `prevencao` (`codigo_celular`, `data_criacao`, `data_efetuada`, `data_prazo`, `foco_codigo`, `endereco_id`) VALUES ('1EQ33', '2016-02-12 10:10:20', NULL, '2016-02-18 17:25:50', 11, 1);

INSERT INTO `prevencao` (`codigo_celular`, `data_criacao`, `data_efetuada`, `data_prazo`, `foco_codigo`, `endereco_id`) VALUES ('1EQW3', '2016-03-12 10:10:20', NULL, '2016-03-18 17:25:50', 1, 3);
INSERT INTO `prevencao` (`codigo_celular`, `data_criacao`, `data_efetuada`, `data_prazo`, `foco_codigo`, `endereco_id`) VALUES ('112D3', '2016-03-12 10:10:20', NULL, '2016-03-18 17:25:50', 2, 3);
INSERT INTO `prevencao` (`codigo_celular`, `data_criacao`, `data_efetuada`, `data_prazo`, `foco_codigo`, `endereco_id`) VALUES ('13213', '2016-03-12 10:10:20', NULL, '2016-03-18 17:25:50', 3, 2);
INSERT INTO `prevencao` (`codigo_celular`, `data_criacao`, `data_efetuada`, `data_prazo`, `foco_codigo`, `endereco_id`) VALUES ('13E3Q', '2016-03-12 10:10:20', NULL, '2016-03-18 17:25:50', 4, 3);
INSERT INTO `prevencao` (`codigo_celular`, `data_criacao`, `data_efetuada`, `data_prazo`, `foco_codigo`, `endereco_id`) VALUES ('13EWQ', '2016-03-12 10:10:20', NULL, '2016-03-18 17:25:50', 5, 2);
INSERT INTO `prevencao` (`codigo_celular`, `data_criacao`, `data_efetuada`, `data_prazo`, `foco_codigo`, `endereco_id`) VALUES ('1EQ33', '2016-03-12 10:10:20', NULL, '2016-03-18 17:25:50', 6, 1);
INSERT INTO `prevencao` (`codigo_celular`, `data_criacao`, `data_efetuada`, `data_prazo`, `foco_codigo`, `endereco_id`) VALUES ('1EQ33', '2016-03-12 10:10:20', NULL, '2016-03-18 17:25:50', 7, 1);
INSERT INTO `prevencao` (`codigo_celular`, `data_criacao`, `data_efetuada`, `data_prazo`, `foco_codigo`, `endereco_id`) VALUES ('1EQ33', '2016-03-12 10:10:20', NULL, '2016-03-18 17:25:50', 8, 1);
INSERT INTO `prevencao` (`codigo_celular`, `data_criacao`, `data_efetuada`, `data_prazo`, `foco_codigo`, `endereco_id`) VALUES ('1EQ33', '2016-03-12 10:10:20', NULL, '2016-03-18 17:25:50', 9, 1);
INSERT INTO `prevencao` (`codigo_celular`, `data_criacao`, `data_efetuada`, `data_prazo`, `foco_codigo`, `endereco_id`) VALUES ('1EQ33', '2016-03-12 10:10:20', NULL, '2016-03-18 17:25:50', 10, 1);
INSERT INTO `prevencao` (`codigo_celular`, `data_criacao`, `data_efetuada`, `data_prazo`, `foco_codigo`, `endereco_id`) VALUES ('1EQ33', '2016-03-12 10:10:20', NULL, '2016-03-18 17:25:50', 11, 1);

INSERT INTO `prevencao` (`codigo_celular`, `data_criacao`, `data_efetuada`, `data_prazo`, `foco_codigo`, `endereco_id`) VALUES ('1EQW3', '2016-04-12 10:10:20', NULL, '2016-04-18 17:25:50', 1, 3);
INSERT INTO `prevencao` (`codigo_celular`, `data_criacao`, `data_efetuada`, `data_prazo`, `foco_codigo`, `endereco_id`) VALUES ('112D3', '2016-04-12 10:10:20', NULL, '2016-04-18 17:25:50', 2, 3);
INSERT INTO `prevencao` (`codigo_celular`, `data_criacao`, `data_efetuada`, `data_prazo`, `foco_codigo`, `endereco_id`) VALUES ('13213', '2016-04-12 10:10:20', NULL, '2016-04-18 17:25:50', 3, 2);
INSERT INTO `prevencao` (`codigo_celular`, `data_criacao`, `data_efetuada`, `data_prazo`, `foco_codigo`, `endereco_id`) VALUES ('13E3Q', '2016-04-12 10:10:20', NULL, '2016-04-18 17:25:50', 4, 3);
INSERT INTO `prevencao` (`codigo_celular`, `data_criacao`, `data_efetuada`, `data_prazo`, `foco_codigo`, `endereco_id`) VALUES ('13EWQ', '2016-04-12 10:10:20', NULL, '2016-04-18 17:25:50', 5, 2);
INSERT INTO `prevencao` (`codigo_celular`, `data_criacao`, `data_efetuada`, `data_prazo`, `foco_codigo`, `endereco_id`) VALUES ('1EQ33', '2016-04-12 10:10:20', NULL, '2016-04-18 17:25:50', 6, 1);
INSERT INTO `prevencao` (`codigo_celular`, `data_criacao`, `data_efetuada`, `data_prazo`, `foco_codigo`, `endereco_id`) VALUES ('1EQ33', '2016-04-12 10:10:20', NULL, '2016-04-18 17:25:50', 7, 1);
INSERT INTO `prevencao` (`codigo_celular`, `data_criacao`, `data_efetuada`, `data_prazo`, `foco_codigo`, `endereco_id`) VALUES ('1EQ33', '2016-04-12 10:10:20', NULL, '2016-04-18 17:25:50', 8, 1);
INSERT INTO `prevencao` (`codigo_celular`, `data_criacao`, `data_efetuada`, `data_prazo`, `foco_codigo`, `endereco_id`) VALUES ('1EQ33', '2016-04-12 10:10:20', NULL, '2016-04-18 17:25:50', 9, 1);
INSERT INTO `prevencao` (`codigo_celular`, `data_criacao`, `data_efetuada`, `data_prazo`, `foco_codigo`, `endereco_id`) VALUES ('1EQ33', '2016-04-12 10:10:20', NULL, '2016-04-18 17:25:50', 10, 1);
INSERT INTO `prevencao` (`codigo_celular`, `data_criacao`, `data_efetuada`, `data_prazo`, `foco_codigo`, `endereco_id`) VALUES ('1EQ33', '2016-04-12 10:10:20', NULL, '2016-04-18 17:25:50', 11, 1);

INSERT INTO `prevencao` (`codigo_celular`, `data_criacao`, `data_efetuada`, `data_prazo`, `foco_codigo`, `endereco_id`) VALUES ('1EQW3', '2016-05-12 10:10:20', NULL, '2016-05-18 17:25:50', 1, 3);
INSERT INTO `prevencao` (`codigo_celular`, `data_criacao`, `data_efetuada`, `data_prazo`, `foco_codigo`, `endereco_id`) VALUES ('112D3', '2016-05-12 10:10:20', NULL, '2016-05-18 17:25:50', 2, 3);
INSERT INTO `prevencao` (`codigo_celular`, `data_criacao`, `data_efetuada`, `data_prazo`, `foco_codigo`, `endereco_id`) VALUES ('13213', '2016-05-12 10:10:20', NULL, '2016-05-18 17:25:50', 3, 2);
INSERT INTO `prevencao` (`codigo_celular`, `data_criacao`, `data_efetuada`, `data_prazo`, `foco_codigo`, `endereco_id`) VALUES ('13E3Q', '2016-05-12 10:10:20', NULL, '2016-05-18 17:25:50', 4, 3);
INSERT INTO `prevencao` (`codigo_celular`, `data_criacao`, `data_efetuada`, `data_prazo`, `foco_codigo`, `endereco_id`) VALUES ('13EWQ', '2016-05-12 10:10:20', NULL, '2016-05-18 17:25:50', 5, 2);
INSERT INTO `prevencao` (`codigo_celular`, `data_criacao`, `data_efetuada`, `data_prazo`, `foco_codigo`, `endereco_id`) VALUES ('1EQ33', '2016-05-12 10:10:20', NULL, '2016-05-18 17:25:50', 6, 1);
INSERT INTO `prevencao` (`codigo_celular`, `data_criacao`, `data_efetuada`, `data_prazo`, `foco_codigo`, `endereco_id`) VALUES ('1EQ33', '2016-05-12 10:10:20', NULL, '2016-05-18 17:25:50', 7, 1);
INSERT INTO `prevencao` (`codigo_celular`, `data_criacao`, `data_efetuada`, `data_prazo`, `foco_codigo`, `endereco_id`) VALUES ('1EQ33', '2016-05-12 10:10:20', NULL, '2016-05-18 17:25:50', 8, 1);
INSERT INTO `prevencao` (`codigo_celular`, `data_criacao`, `data_efetuada`, `data_prazo`, `foco_codigo`, `endereco_id`) VALUES ('1EQ33', '2016-05-12 10:10:20', NULL, '2016-05-18 17:25:50', 9, 1);
INSERT INTO `prevencao` (`codigo_celular`, `data_criacao`, `data_efetuada`, `data_prazo`, `foco_codigo`, `endereco_id`) VALUES ('1EQ33', '2016-05-12 10:10:20', NULL, '2016-05-18 17:25:50', 10, 1);
INSERT INTO `prevencao` (`codigo_celular`, `data_criacao`, `data_efetuada`, `data_prazo`, `foco_codigo`, `endereco_id`) VALUES ('1EQ33', '2016-05-12 10:10:20', NULL, '2016-05-18 17:25:50', 11, 1);
